Baseline (2019),Bare/Mining,Sparse,Moderate
Bare/Mining,10.553600000000001,0.5492,0.0
Sparse,36.7441,32.374,0.015700000000000002
Moderate,1.764,1.8734000000000002,0.0666
